username,listName,dateCreated
posbournn1,ut volutpat,2024-01-06
jallmann,nascetur ridiculus mus etiam,2023-11-07
psigertkb,nulla eget eros elementum,2024-07-15
acrossgrovejn,cursus id,2022-09-15
creviehb,aliquet maecenas leo,2024-04-26
dthrossell39,pede ac diam,2023-10-24
sbilboroughjr,sapien cursus vestibulum,2025-01-22
mbricket18,curabitur at ipsum,2024-03-29
ndiessll,ut,2024-05-29
wfateley6t,vehicula condimentum curabitur in libero,2023-11-26
gsouthwayc4,convallis,2023-01-09
sismeadoa,feugiat et eros,2022-02-10
acarer1,non quam nec dui,2023-05-01
bgussin4f,volutpat dui maecenas tristique est,2024-11-01
acrosscombecs,faucibus orci luctus et ultrices,2024-09-01
kviversnf,id,2022-07-28
mbroadey7w,tincidunt eget,2022-09-13
btarboxdu,dictumst etiam faucibus cursus urna,2024-07-26
dgurnerdq,penatibus et magnis,2022-08-11
fsteel89,amet,2024-01-13
ccaughte7l,nunc,2023-11-26
btonner90,luctus ultricies eu nibh quisque,2023-02-11
mashfold85,ac enim in,2024-03-14
dmcnulty1r,ut volutpat,2024-01-06
ifinlanjc,massa volutpat convallis morbi,2022-09-16
jchaineyjq,nullam molestie nibh in,2023-06-06
ethomtson5u,nullam molestie nibh in,2023-06-06
llavistege,proin eu mi,2023-05-01
avandijk5c,curae mauris viverra,2025-06-27
akoberak8,felis sed interdum venenatis turpis,2024-07-21
tlivesey4a,pede justo,2022-09-26
bsouthby13,at ipsum,2023-01-18
rbarwack1e,auctor sed,2022-03-20
mshepheardi6,quis tortor id nulla ultrices,2023-06-24
ibeazerex,nisl nunc,2025-04-12
smuldowneyc3,morbi,2022-11-29
rsolesrg,massa volutpat convallis morbi,2022-09-16
fcoolson2i,ante vel,2025-01-18
swerlockhc,aliquet maecenas leo,2024-04-26
sbornecv,sollicitudin vitae consectetuer,2023-06-26
dstoitegw,morbi non lectus,2023-09-26
wheart70,turpis elementum ligula,2024-05-22
cfarlhampu,consectetuer adipiscing,2023-12-20
tbyattap,platea dictumst,2023-02-24
tbrozssetg5,ante,2024-12-23
wmattamrl,morbi porttitor lorem id ligula,2022-11-02
pstarrs21,a suscipit nulla,2025-05-19
coloughlin6p,morbi vestibulum velit id,2024-05-13
rmacafee3t,sapien varius ut blandit,2022-03-22
naubin9c,faucibus orci luctus et ultrices,2024-09-01
mlayborno6,metus aenean,2024-06-16
tericcn,libero quis orci nullam,2023-02-15
rhelianaq,eu est,2025-02-26
pmacswaydeox,curabitur at ipsum,2024-03-29
wfurslanddk,sed tristique in tempus sit,2024-04-18
stiversqb,posuere cubilia curae,2025-08-05
rsmouten3a,proin interdum mauris,2023-08-11
wpashencr,tellus in sagittis dui vel,2025-01-14
mruppertzrj,amet nulla quisque arcu,2023-07-01
alawief0,enim sit,2025-04-03
mloinesrh,consectetuer,2023-10-28
mkiosselbh,donec ut dolor morbi vel,2023-02-03
gjanowiczgn,tincidunt lacus,2024-02-29
cskoggins7e,justo in blandit,2022-10-19
astairsk,congue diam id ornare imperdiet,2022-03-05
redgerl,mauris,2024-10-03
dkohenp8,id,2022-07-28
rdot8o,pulvinar lobortis est,2025-10-17
ljerchead,volutpat eleifend donec ut dolor,2024-11-11
jslymanim,magna,2022-11-08
adunkerly8i,fermentum donec ut mauris eget,2025-08-06
droxburcha6,dictumst,2024-11-13
derteltdp,ut volutpat,2024-01-06
plagenod,a ipsum integer a,2022-12-18
ptwellni,luctus nec molestie,2024-12-27
jsprouleme,fusce consequat nulla nisl,2023-08-24
wwhitehurst6u,blandit lacinia erat vestibulum sed,2024-02-07
rpiercy2v,potenti nullam porttitor lacus,2024-12-17
lsturdeyer,id nulla ultrices aliquet maecenas,2024-03-30
aoloughranmi,lectus in quam fringilla,2025-07-07
gwhitneyh0,odio,2025-06-14
sargerc3,scelerisque mauris sit,2024-01-06
gnairyrb,non quam nec dui,2023-05-01
asiemandlas,viverra eget congue,2023-10-18
pocorrenfw,odio,2025-06-14
cglassupcn,est lacinia nisi venenatis,2022-09-17
bfolbigpe,nascetur ridiculus mus,2025-08-25
dpalfreemanbx,nunc viverra,2023-07-30
cledgistercp,tellus,2024-10-24
fmanifoldrk,tempus semper est quam pharetra,2023-03-05
mportwaine7f,duis at velit,2024-01-29
ccolesmq,libero quis orci nullam,2023-02-15
wedmeads7z,non quam nec dui,2023-05-01
kbarstow27,ut,2024-01-17
educarneg1,metus aenean,2024-06-16
cplewright1h,a ipsum integer a,2022-12-18
ablaszczynskiq6,blandit lacinia erat,2023-07-02
cmailej1,praesent id,2024-05-29
odenny5s,non quam nec dui,2023-05-01
lpullff,amet lobortis sapien sapien,2023-11-10
rsheddgq,dui,2025-02-06
jvassarqa,tellus nisi,2023-02-23
tbellew7w,nisi,2023-10-23
fgashionip,fusce consequat nulla nisl,2023-08-24
fheino1b,tellus in,2025-01-17
jardlingbd,mauris,2025-01-06
lburgissdj,turpis elementum ligula vehicula,2024-04-22
acornbellel,maecenas tristique,2022-08-27
khillbornefp,at,2022-07-02
ygalifordid,consectetuer adipiscing,2023-12-20
creolfo2a,libero rutrum ac lobortis,2023-05-17
dbrierleyhr,velit vivamus,2024-02-18
bdibdin6v,enim sit,2025-04-03
mcoviello9n,vitae nisi nam,2023-04-13
cplayleic,ac tellus semper,2023-12-29
mrobkeni5,in,2023-05-17
lreddyhoffi3,integer,2024-05-04
mmanifouldg1,suspendisse ornare consequat,2024-05-07
jeagarf,ante,2024-12-23
eaudrittn7,donec ut dolor morbi vel,2023-02-03
asandeyx,luctus nec molestie,2024-12-27
nshearerp5,donec ut dolor morbi vel,2023-02-03
vstottbi,ut massa volutpat,2024-11-09
wnegalfe,consectetuer adipiscing,2023-12-20
mtayntonbb,donec diam,2025-04-06
vtriggolfh,aliquet maecenas leo,2024-04-26
elucien3o,in hac habitasse platea,2025-05-02
asphinxero,quis orci,2024-08-28
abodechon6g,primis,2022-05-21
sdehooch3d,primis,2022-05-21
mskillittj2,sollicitudin vitae consectetuer,2023-06-26
ssturrore9,a suscipit nulla,2025-05-19
amadgin5c,velit vivamus,2024-02-18
jcrystala,duis ac nibh,2023-10-09
qdunstonebv,pretium,2022-04-22
dharkencw,pharetra magna vestibulum aliquet ultrices,2025-06-20
hastlattjo,leo,2025-01-08
cisacqgg,et eros vestibulum ac,2024-03-31
gverbruggen9,curae mauris viverra,2025-06-27
bsiehardrh,nec sem duis,2023-07-17
abristowe8,condimentum curabitur,2023-06-22
bstuddeo,quis turpis eget,2023-09-02
wbeels2c,id pretium iaculis,2024-01-06
jdelap96,dolor sit amet consectetuer adipiscing,2022-11-14
cionsfk,congue eget semper rutrum nulla,2023-10-29
trendell5e,congue etiam justo,2022-04-22
tbanthorpemf,tincidunt lacus,2024-02-29
bstayti7,libero quis orci nullam,2023-02-15
astonaryq5,congue eget semper rutrum nulla,2023-10-29
apickerelljs,aliquet ultrices,2024-04-25
tneward63,rhoncus dui vel sem sed,2025-06-13
aseeger20,ut mauris eget massa tempor,2022-09-19
mgoodspeed3b,faucibus orci luctus et ultrices,2024-09-01
challstonei1,vestibulum,2022-11-22
tyanshinovi7,cum sociis,2022-07-23
xvarrowng,vel augue vestibulum,2023-02-22
ddiwell62,congue diam id ornare imperdiet,2022-03-05
jkarlsen9m,in hac habitasse platea,2025-05-02
akettjs,vel accumsan,2025-08-14
itrudgianre,vestibulum eget vulputate,2024-07-03
hohallagan4d,ac tellus semper,2023-12-29
bduckwithce,amet cursus,2023-06-25
khiomjn,duis at velit eu,2023-09-23
edellortobo,vestibulum,2022-11-22
dhawketl1,amet lobortis sapien sapien,2023-11-10
switton7s,nullam molestie nibh in,2023-06-06
bboddymead9s,a libero nam dui,2023-11-15
mhattermg,augue,2023-08-28
gvaughten6x,et eros vestibulum ac,2024-03-31
shedgemanln,phasellus id,2024-05-30
cportsmouth3h,in hac habitasse platea,2025-05-02
mmacknessge,integer,2024-05-04
askipseyp6,nulla,2022-03-09
acappineerlo,at lorem,2025-05-30
sgreser8n,aliquet ultrices erat tortor,2023-05-15
cblackledgeom,tortor quis turpis sed ante,2024-07-17
awestwickhv,metus,2023-06-05
hreiskpd,aliquet,2022-02-17
jchiechionl,morbi vestibulum velit id,2024-05-13
rpethrickix,congue eget semper rutrum nulla,2023-10-29
clandaljw,felis,2022-12-23
wwellbelovemu,ante vel,2024-06-11
drennyck,at,2022-07-02
krouff3m,a ipsum integer a,2022-12-18
kganniclifftgo,luctus ultricies eu nibh quisque,2023-02-11
faldin2e,primis in faucibus orci luctus,2024-07-17
gspadaro73,duis,2023-02-15
rheusticeh5,massa id lobortis convallis tortor,2024-05-14
dhawkyensao,lobortis est phasellus sit,2024-02-14
srevetth2,mollis,2025-01-21
hwickendonr9,tellus in,2025-01-17
craimbauldp0,lacus at velit vivamus,2023-10-19
apayleyd8,mattis nibh ligula nec sem,2025-02-16
cwhitbreadea,duis,2023-02-15
cbyronfk,faucibus orci luctus et ultrices,2024-09-01
emacauleymz,lorem integer tincidunt,2024-04-18
gcoventon53,dictumst maecenas ut massa,2025-05-31
alovitt3l,lobortis est phasellus sit,2024-02-14
bswallwellm7,quisque erat eros,2025-03-23
tshrimplinim,eu,2024-09-14
lpescotthv,pretium iaculis diam erat fermentum,2023-10-20
rsare9m,congue eget semper rutrum nulla,2023-10-29
bcolhoun7j,et eros vestibulum ac,2024-03-31
hlembrickiq,nulla,2022-03-09
hdelouchfh,mattis pulvinar nulla pede,2023-04-17
ncrown3g,amet justo morbi ut odio,2023-06-23
ehinckley5p,mattis nibh ligula,2023-05-18
tjorrylf,porttitor lacus at turpis,2023-08-18
cgageg,lectus in quam fringilla,2025-07-07
dliddel7d,mauris,2025-01-06
mlandsburyg9,orci,2024-10-03
jbauldreyrh,metus aenean,2024-06-16
ufenelon8j,nascetur ridiculus mus,2025-08-25
amoldends,duis at velit,2024-01-29
vwalstowb6,non lectus aliquam sit amet,2024-03-10
eeykelboschdz,diam nam tristique tortor eu,2025-07-08
emountneyhq,venenatis turpis,2023-09-24
aaylettnn,at turpis,2022-02-05
adalliganme,dolor sit amet consectetuer adipiscing,2022-11-14
tdevericksqp,mauris,2025-01-06
dbaxns,posuere nonummy integer non,2023-05-20
alombgx,faucibus accumsan odio curabitur,2023-06-02
lhyattr6,primis,2022-05-21
mmarvell59,mollis,2025-01-21
zdengedl,amet,2025-04-06
tkinson5h,ornare consequat lectus,2024-10-18
hblaylock2j,volutpat,2022-07-26
cmaggillandreis9o,primis in faucibus orci,2023-09-27
ccoxallnv,non pretium,2024-12-03
gwardinglyes,semper porta volutpat quam pede,2023-06-26
tstitson1z,tincidunt nulla mollis,2025-03-01
gjoslandqv,vehicula condimentum curabitur,2024-09-09
gradbond5o,congue etiam,2024-09-29
opoupardiw,porttitor,2024-12-24
adyethy,duis at velit,2024-01-29
ebirwhistle6u,rutrum neque aenean auctor,2022-07-02
rrobeconqn,adipiscing lorem vitae mattis nibh,2023-12-24
wphilippet6v,donec ut dolor morbi vel,2023-02-03
lreal5o,pede morbi porttitor,2023-07-01
jhanigan54,sociis natoque penatibus et,2023-02-26
kburnei9,nulla,2022-03-09
awardhaugh1e,nec nisi vulputate,2022-04-30
mselveyi2,convallis,2023-01-09
lrawnsley8i,fusce posuere felis sed lacus,2024-04-11
mbeacockr3,diam id ornare imperdiet,2025-05-07
psnoddengq,tincidunt nulla mollis,2025-03-01
arueggr6,quam fringilla rhoncus,2024-04-03
cbosenworthg9,volutpat,2022-07-26
ggrimmertgj,vestibulum sed magna at,2023-03-31
woverhu,est risus,2025-06-04
awestphalmq,dolor sit amet consectetuer adipiscing,2022-11-14
jcroslandgc,massa,2023-10-26
fgalland1h,porta,2025-10-14
jcressorpt,cursus id turpis integer aliquet,2025-06-06
shabronc7,cursus,2022-10-17
mlergan9a,pellentesque,2024-06-19
ogriffe2b,sem praesent id,2023-04-09
agodierbs,turpis elementum ligula,2024-05-22
knystrom7a,quam fringilla rhoncus mauris,2023-08-18
chullrn,est risus,2025-06-04
lkimbroughj3,pretium,2022-04-22
mbirtwisle27,congue diam id ornare imperdiet,2022-03-05
bpinorqr,odio curabitur,2023-04-23
jpicktonb4,enim in tempor turpis nec,2023-07-04
mgleadle6z,consequat lectus in est,2024-11-11
rmclellandn2,magna,2022-11-08
leveralj2,et eros vestibulum ac,2024-03-31
cemmanueleld,enim leo,2023-12-24
hcoytesf9,ullamcorper purus sit amet,2022-11-21
wmccandiel7,pretium iaculis diam erat fermentum,2023-10-20
tlaughlin2c,magna,2022-11-08
kseneschala,vehicula condimentum curabitur,2024-09-09
cpaolone6f,proin interdum mauris non,2025-02-09
mkorng3,sapien varius ut blandit,2022-03-22
dsutehall9r,est risus,2025-06-04
mvinallbl,sed tristique in tempus,2024-01-16
smuirdenq2,odio porttitor,2023-07-03
ftavenerpc,odio in,2022-08-01
abonhommegb,congue,2025-12-05
glambrechts5n,dui,2025-02-06
dblaisdellgv,non pretium,2024-12-03
lmulvynk,primis in faucibus orci luctus,2024-04-03
apolsinin,vehicula consequat morbi a,2024-04-29
drandlesi9,luctus ultricies eu nibh quisque,2023-02-11
bwavellcf,eget vulputate,2023-02-01
ttiversid,magna,2022-11-08
tsaterthwaitik,eget elit sodales scelerisque,2023-09-18
amckea5x,faucibus accumsan odio curabitur,2023-06-02
mfalla7t,vestibulum aliquet,2023-03-19
jfreed7t,ut,2024-01-17
mscroobyf5,vel augue vestibulum,2023-02-22
fkastingeg,quam a odio in,2024-04-18
wharbisonmz,turpis elementum ligula,2024-05-22
alowryeg,in hac habitasse,2025-02-02
ndevallew,consectetuer adipiscing,2023-12-20
gwicher11,tortor quis turpis sed ante,2024-07-17
hshiel12,lorem integer tincidunt,2024-04-18
hjovici2,at turpis,2022-02-05
amayte4l,felis ut at dolor,2022-03-21
kyukhnov28,est lacinia,2023-04-01
rplutherobd,consectetuer adipiscing,2023-12-20
tmalangb,pulvinar lobortis est,2023-09-22
nhainger1,congue etiam,2024-09-29
fboamea1,proin interdum mauris,2023-08-11
ituckermanqg,mauris morbi non lectus,2023-01-08
rnewdick0,sed interdum venenatis turpis enim,2023-03-11
agoodsalra,nunc viverra,2023-07-30
rdickingsjg,integer ac leo pellentesque,2022-10-15
kcadalleder5,ultrices posuere cubilia,2024-05-16
emardallpn,sagittis dui vel nisl duis,2025-02-24
fbeattie5q,in,2023-02-09
lrandsl4,amet cursus,2023-06-25
scompsonhe,facilisi cras non velit,2022-07-27
hbramwich48,massa id lobortis convallis tortor,2024-05-14
nbonhommeoq,turpis integer aliquet massa id,2023-11-04
bseagood4s,lacus curabitur at ipsum,2025-01-05
eparminterg6,donec ut dolor morbi vel,2023-02-03
dbredgeland92,nec sem duis,2023-07-17
gfrearsonji,ac leo,2025-02-25
lskateaa,ante vel,2025-01-18
jfontanetfu,blandit lacinia erat vestibulum sed,2024-02-07
gneubigin4e,vehicula condimentum curabitur,2024-09-09
bstutelylh,porttitor lorem id ligula suspendisse,2023-07-02
gsomerlie1e,sed justo pellentesque viverra pede,2025-04-16
gkainzpo,dictumst aliquam augue quam,2023-08-06
dmacallami0,non quam nec dui,2023-05-01
twelbourn4o,massa,2022-08-17
dbolsteridgehj,mattis pulvinar nulla pede,2023-04-17
twhitten7n,montes nascetur ridiculus mus,2023-09-14
oriddeoughk6,viverra eget congue,2023-10-18
srudolph91,ut,2024-05-29
giowarchd2,nonummy,2025-03-06
cvasilevich32,a suscipit nulla,2025-05-19
tedelermu,semper porta volutpat quam pede,2023-06-26
rbridgestock9i,donec ut dolor morbi,2022-03-26
avanderspohr6,est risus,2025-06-04
rmittone8,nisl nunc rhoncus,2024-03-16
socarrolel,eu est,2025-02-26
ymcauslene9z,justo nec condimentum,2024-02-22
ckunertr8,faucibus cursus urna ut,2024-01-26
bfishwickau,praesent blandit nam nulla integer,2024-08-13
vstachiniqz,aliquet ultrices,2024-04-25
rkneaphseyk7,nulla eget eros elementum,2024-07-15
thorchec4,erat fermentum justo,2022-04-12
emcmenaminh6,mattis nibh ligula nec sem,2025-02-16
khugland1p,ut mauris eget massa tempor,2022-09-19
hsimoneschi5x,elementum nullam varius,2024-01-18
bgoskerq7,fusce posuere felis sed lacus,2024-04-11
lgrogonapq,adipiscing,2024-09-04
myoude87,sem duis aliquam convallis nunc,2023-06-11
dlehr8a,ultricies,2023-06-02
krosenau9m,proin interdum mauris,2023-08-11
spedrozzih5,nisl nunc rhoncus,2024-03-16
hburgott60,aliquet maecenas leo,2024-04-26
mdamerellfy,nisl nunc rhoncus dui vel,2024-05-15
pdziwisz98,vitae nisi nam,2022-07-02
vriachqg,augue,2023-08-28
dwatts1v,non interdum in,2024-03-03
bgarmstoni4,est lacinia,2023-04-01
alumoxa0,donec odio justo sollicitudin,2023-05-08
mmurfin5z,in felis eu,2024-09-13
gasplandr7,convallis,2023-01-09
lcanbyj5,proin,2022-12-11
mschermickfg,elementum nullam varius,2024-01-18
fpaddockih,luctus rutrum nulla,2025-06-02
kposer1o,tincidunt eget tempus,2024-05-22
nbendelgv,eu,2022-03-11
krainsburyob,nisl nunc rhoncus dui vel,2024-05-15
astrivensmf,velit vivamus,2024-02-18
pbriskeybh,diam nam tristique tortor eu,2025-07-08
ethoriusqq,scelerisque mauris sit,2024-01-06
tioannidisln,nec,2022-05-20
lpenwardenpy,sed justo pellentesque viverra pede,2025-04-16
umccullyoo,rutrum ac lobortis,2022-07-12
bzannelioh,amet,2025-04-06
rbauser3w,ut,2024-05-29
bsnodaygg,imperdiet nullam orci pede,2024-04-03
esilkston5i,facilisi cras non velit,2022-07-27
lpalley2n,id,2022-07-28
vbrandsma23,praesent id,2024-05-29
ktessington90,in felis eu,2024-09-13
rlinklu,nunc viverra,2023-07-30
kstoffersen1g,pellentesque,2024-06-19
bbantockch,consectetuer,2023-10-28
wvittelg0,a ipsum integer a,2022-12-18
bdavis8j,eget vulputate ut ultrices,2024-02-20
tmansion2w,turpis elementum ligula vehicula,2024-04-22
afludgatehm,rutrum neque aenean auctor,2022-07-02
pathowem,pede ac diam,2023-10-24
ggowardli,sed tincidunt eu,2023-11-16
dstonep,pede justo,2022-09-26
apoyleph,bibendum imperdiet nullam orci pede,2025-02-28
mbonin7v,dictumst aliquam augue quam,2023-08-06
cnolleaub2,duis at velit,2024-01-29
hwilcox9p,eu,2024-09-14
tmattiaf5,dictumst etiam faucibus cursus urna,2024-07-26
eraecroftef,posuere cubilia curae,2025-08-05
sglentworth3t,nulla,2022-03-09
chopewell84,massa,2023-10-26
cweatherillkm,dictumst aliquam augue quam,2023-08-06
